{"cameraMode":{"drawMode":0,"name":"Shaded","section":"Shading Mode"},"sceneLighting":true,"audioPlay":false,"sceneViewState":{"m_AlwaysRefresh":false,"showFog":true,"showSkybox":true,"showFlares":true,"showImageEffects":true,"showParticleSystems":true,"showVisualEffectGraphs":true,"m_FxEnabled":true},"in2DMode":false,"pivot":{"x":0.5194107294082642,"y":-0.9884343147277832,"z":-4.954361915588379},"rotation":{"x":-0.012328659184277058,"y":0.9744808077812195,"z":-0.21720720827579499,"w":-0.055311452597379687},"size":4.672134876251221,"orthographic":false}