{"cameraMode":{"drawMode":0,"name":"Shaded","section":"Shading Mode"},"sceneLighting":true,"audioPlay":false,"sceneViewState":{"m_AlwaysRefresh":false,"showFog":true,"showSkybox":true,"showFlares":true,"showImageEffects":true,"showParticleSystems":true,"showVisualEffectGraphs":true,"m_FxEnabled":true},"in2DMode":false,"pivot":{"x":478.4446105957031,"y":388.76776123046877,"z":-112.41943359375},"rotation":{"x":0.00015983142657205462,"y":0.9960585832595825,"z":-0.0886932834982872,"w":0.0017938066739588976},"size":868.0307006835938,"orthographic":false}